isocode,country,12/05/2021
AFG,Afghanistan,7312
ALB,Albania,3110
DZA,Algeria,6103
AND,Andorra,132
AGO,Angola,1735
ATG,Antigua and Barbuda,117
ARG,Argentina,116646
ARM,Armenia,7683
AUS,Australia,14
AUS,Australia,630
AUS,Australia,1
AUS,Australia,7
AUS,Australia,4
AUS,Australia,13
AUS,Australia,1378
AUS,Australia,9
AUT,Austria,12796
AZE,Azerbaijan,7967
BHS,Bahamas,695
BHR,Bahrain,1394
BGD,Bangladesh,28001
BRB,Barbados,238
BLR,Belarus,5162
BEL,Belgium,27167
BLZ,Belize,579
BEN,Benin,161
BTN,Bhutan,3
ISO Code Unknown,Bolivia,19222
BIH,Bosnia and Herzegovina,12687
BWA,Botswana,2419
BRA,Brazil,615636
ISO Code Unknown,Brunei,98
BGR,Bulgaria,28852
BFA,Burkina Faso,286
ISO Code Unknown,Burma,19141
BDI,Burundi,38
CPV,Cabo Verde,351
KHM,Cambodia,2960
CMR,Cameroon,1804
CAN,Canada,3258
CAN,Canada,2351
CAN,Canada,1
CAN,Canada,0
CAN,Canada,1328
CAN,Canada,133
CAN,Canada,18
CAN,Canada,12
CAN,Canada,110
CAN,Canada,4
CAN,Canada,10076
CAN,Canada,0
CAN,Canada,11587
CAN,Canada,0
CAN,Canada,929
CAN,Canada,14
CAF,Central African Republic,101
TCD,Chad,181
CHL,Chile,38501
CHN,China,6
CHN,China,9
CHN,China,6
CHN,China,1
CHN,China,2
CHN,China,8
CHN,China,2
CHN,China,2
CHN,China,6
CHN,China,7
CHN,China,13
CHN,China,22
CHN,China,213
CHN,China,4512
CHN,China,4
CHN,China,1
CHN,China,0
CHN,China,1
CHN,China,3
CHN,China,2
CHN,China,0
CHN,China,0
CHN,China,0
CHN,China,3
CHN,China,7
CHN,China,7
CHN,China,0
CHN,China,3
CHN,China,3
CHN,China,0
CHN,China,0
CHN,China,3
CHN,China,2
CHN,China,1
COL,Colombia,128780
COM,Comoros,150
ISO Code Unknown,Congo (Brazzaville),354
ISO Code Unknown,Congo (Kinshasa),1107
CRI,Costa Rica,7312
ISO Code Unknown,Cote d'Ivoire,706
HRV,Croatia,11218
CUB,Cuba,8309
CYP,Cyprus,601
CZE,Czechia,33665
DNK,Denmark,13
DNK,Denmark,0
DNK,Denmark,2946
ISO Code Unknown,Diamond Princess,13
DJI,Djibouti,187
DMA,Dominica,39
DOM,Dominican Republic,4212
ECU,Ecuador,33250
EGY,Egypt,20727
SLV,El Salvador,3783
GNQ,Equatorial Guinea,175
ERI,Eritrea,61
EST,Estonia,1823
SWZ,Eswatini,1248
ETH,Ethiopia,6800
FJI,Fiji,697
FIN,Finland,1360
FRA,France,328
FRA,France,636
FRA,France,823
FRA,France,721
FRA,France,185
FRA,France,279
FRA,France,384
FRA,France,6
FRA,France,0
FRA,France,56
FRA,France,7
FRA,France,117094
GAB,Gabon,280
GMB,Gambia,342
GEO,Georgia,12344
DEU,Germany,103124
GHA,Ghana,1209
GRC,Greece,18595
GRD,Grenada,200
GTM,Guatemala,15986
GIN,Guinea,387
GNB,Guinea-Bissau,149
GUY,Guyana,1006
HTI,Haiti,747
ISO Code Unknown,Holy See,0
HND,Honduras,10412
HUN,Hungary,35122
ISL,Iceland,35
IND,India,473537
IDN,Indonesia,143867
ISO Code Unknown,Iran,130200
IRQ,Iraq,23885
IRL,Ireland,5707
ISR,Israel,8204
ITA,Italy,134195
JAM,Jamaica,2410
JPN,Japan,18360
JOR,Jordan,11761
KAZ,Kazakhstan,17895
KEN,Kenya,5335
KIR,Kiribati,0
ISO Code Unknown,"Korea, South",3893
ISO Code Unknown,Kosovo,2985
KWT,Kuwait,2465
KGZ,Kyrgyzstan,2758
ISO Code Unknown,Laos,207
LVA,Latvia,4267
LBN,Lebanon,8775
LSO,Lesotho,663
LBR,Liberia,287
LBY,Libya,5493
LIE,Liechtenstein,62
LTU,Lithuania,6847
LUX,Luxembourg,880
ISO Code Unknown,MS Zaandam,2
MDG,Madagascar,972
MWI,Malawi,2307
MYS,Malaysia,30614
MDV,Maldives,254
MLI,Mali,618
MLT,Malta,468
MHL,Marshall Islands,0
MRT,Mauritania,840
MUS,Mauritius,240
MEX,Mexico,295203
ISO Code Unknown,Micronesia,0
ISO Code Unknown,Moldova,9217
MCO,Monaco,36
MNG,Mongolia,2017
MNE,Montenegro,2329
MAR,Morocco,14788
MOZ,Mozambique,1941
NAM,Namibia,3574
NPL,Nepal,11541
NLD,Netherlands,174
NLD,Netherlands,22
NLD,Netherlands,179
NLD,Netherlands,75
NLD,Netherlands,19668
NZL,New Zealand,0
NZL,New Zealand,44
NIC,Nicaragua,213
NER,Niger,261
NGA,Nigeria,2980
MKD,North Macedonia,7641
NOR,Norway,1093
OMN,Oman,4113
PAK,Pakistan,28777
PLW,Palau,0
PAN,Panama,7374
PNG,Papua New Guinea,550
PRY,Paraguay,16476
PER,Peru,201379
PHL,Philippines,49386
POL,Poland,85675
PRT,Portugal,18537
QAT,Qatar,611
ROU,Romania,57099
ISO Code Unknown,Russia,275824
RWA,Rwanda,1343
KNA,Saint Kitts and Nevis,28
LCA,Saint Lucia,282
VCT,Saint Vincent and the Grenadines,76
WSM,Samoa,0
SMR,San Marino,93
STP,Sao Tome and Principe,56
SAU,Saudi Arabia,8844
SEN,Senegal,1886
SRB,Serbia,11917
SYC,Seychelles,127
SLE,Sierra Leone,121
SGP,Singapore,759
SVK,Slovakia,14826
SVN,Slovenia,5303
SLB,Solomon Islands,0
SOM,Somalia,1331
ZAF,South Africa,89966
SSD,South Sudan,133
ESP,Spain,88159
LKA,Sri Lanka,14461
SDN,Sudan,3164
ISO Code Unknown,Summer Olympics 2020,0
SUR,Suriname,1171
SWE,Sweden,15170
CHE,Switzerland,11591
ISO Code Unknown,Syria,2777
ISO Code Unknown,Taiwan*,848
TJK,Tajikistan,125
ISO Code Unknown,Tanzania,730
THA,Thailand,20966
TLS,Timor-Leste,122
TGO,Togo,243
TON,Tonga,0
TTO,Trinidad and Tobago,2262
TUN,Tunisia,25401
TUR,Turkey,77830
ISO Code Unknown,US,788363
UGA,Uganda,3254
UKR,Ukraine,93734
ARE,United Arab Emirates,2148
GBR,United Kingdom,3
GBR,United Kingdom,106
GBR,United Kingdom,38
GBR,United Kingdom,7
GBR,United Kingdom,104
GBR,United Kingdom,0
GBR,United Kingdom,99
GBR,United Kingdom,67
GBR,United Kingdom,1
GBR,United Kingdom,0
GBR,United Kingdom,25
GBR,United Kingdom,145605
URY,Uruguay,6134
UZB,Uzbekistan,1418
VUT,Vanuatu,1
ISO Code Unknown,Venezuela,5193
ISO Code Unknown,Vietnam,26260
ISO Code Unknown,West Bank and Gaza,4810
YEM,Yemen,1954
ZMB,Zambia,3667
ZWE,Zimbabwe,4710
