,isocode,country,Confirmed,Deaths
0,AFG,Afghanistan,157445,7312
1,AGO,Angola,65259,1735
2,ALB,Albania,201730,3110
3,AND,Andorra,18010,132
4,ARE,United Arab Emirates,742328,2148
5,ARG,Argentina,5340676,116646
6,ARM,Armenia,340723,7683
7,ASM,United States,10,0
8,ATG,Antigua and Barbuda,4147,117
9,AUS,Australia,219121,2056
10,AUT,Austria,1198478,12796
11,AZE,Azerbaijan,596388,7967
12,BDI,Burundi,20439,38
13,BEL,Belgium,1827467,27167
14,BEN,Benin,24863,161
15,BFA,Burkina Faso,16000,286
16,BGD,Bangladesh,1577443,28001
17,BGR,Bulgaria,703160,28852
18,BHR,Bahrain,277831,1394
19,BHS,Bahamas,22825,695
20,BIH,Bosnia and Herzegovina,277228,12687
21,BLR,Belarus,663813,5162
22,BLZ,Belize,30680,579
23,BOL,Bolivia,543390,19222
24,BRA,Brazil,22143091,615636
25,BRB,Barbados,26095,238
26,BRN,Brunei,15186,98
27,BTN,Bhutan,2641,3
28,BWA,Botswana,195302,2419
29,CAF,Central African Republic,11742,101
30,CAN,Canada,1815686,29821
31,CHE,Switzerland,1044633,11591
32,CHL,Chile,1772547,38501
33,CHN,China,111741,4849
34,CIV,Cote d'Ivoire,61824,706
35,CMR,Cameroon,107148,1804
36,COL,Colombia,5081064,128780
37,COM,Comoros,4542,150
38,CPV,Cabo Verde,38450,351
39,CRI,Costa Rica,567383,7312
40,CUB,Cuba,963090,8309
41,CYP,Cyprus,136832,601
42,CZE,Czechia,2240721,33665
43,DEU,Germany,6200937,103124
44,DJI,Djibouti,13508,187
45,DMA,Dominica,6120,39
46,DNK,Denmark,514609,2959
47,DOM,Dominican Republic,408516,4212
48,DZA,Algeria,211469,6103
49,ECU,Ecuador,526870,33250
50,EGY,Egypt,363162,20727
51,ERI,Eritrea,7458,61
52,ESP,Spain,5202958,88159
53,EST,Estonia,224993,1823
54,ETH,Ethiopia,372215,6800
55,FIN,Finland,191226,1360
56,FJI,Fiji,52543,697
57,FRA,France,8021237,120519
58,FSM,Micronesia,1,0
59,GAB,Gabon,37477,280
60,GBR,United Kingdom,10523316,146055
61,GEO,Georgia,865293,12344
62,GHA,Ghana,130920,1209
63,GIN,Guinea,30770,387
64,GMB,Gambia,9992,342
65,GNB,Guinea-Bissau,6444,149
66,GNQ,Equatorial Guinea,13599,175
67,GRC,Greece,966221,18595
68,GRD,Grenada,5908,200
69,GTM,Guatemala,619852,15986
70,GUM,United States,19248,266
71,GUY,Guyana,38160,1006
72,HND,Honduras,378251,10412
73,HRV,Croatia,631037,11218
74,HTI,Haiti,25510,747
75,HUN,Hungary,1134869,35122
76,IDN,Indonesia,4257685,143867
77,IND,India,34641561,473537
78,IRL,Ireland,594250,5707
79,IRN,Iran,6134465,130200
80,IRQ,Iraq,2084346,23885
81,ISL,Iceland,18333,35
82,ISR,Israel,1345915,8204
83,ITA,Italy,5109082,134195
84,JAM,Jamaica,91469,2410
85,JOR,Jordan,975956,11761
86,JPN,Japan,1727229,18360
87,KAZ,Kazakhstan,1058758,17895
88,KEN,Kenya,255437,5335
89,KGZ,Kyrgyzstan,183615,2758
90,KHM,Cambodia,120256,2960
91,KIR,Kiribati,2,0
92,KNA,Saint Kitts and Nevis,2790,28
93,KWT,Kuwait,413491,2465
94,LBN,Lebanon,678801,8775
95,LBR,Liberia,5824,287
96,LBY,Libya,374989,5493
97,LCA,Saint Lucia,13034,282
98,LIE,Liechtenstein,4893,62
99,LKA,Sri Lanka,567682,14461
100,LSO,Lesotho,21838,663
101,LTU,Lithuania,479839,6847
102,LUX,Luxembourg,90774,880
103,LVA,Latvia,257329,4267
104,MAR,Morocco,950591,14788
105,MCO,Monaco,3885,36
106,MDA,Moldova,366256,9217
107,MDG,Madagascar,44800,972
108,MDV,Maldives,92211,254
109,MEX,Mexico,3901263,295203
110,MHL,Marshall Islands,4,0
111,MKD,North Macedonia,217301,7641
112,MLI,Mali,17915,618
113,MLT,Malta,39934,468
114,MNE,Montenegro,158466,2329
115,MNG,Mongolia,383682,2017
116,MNP,United States,395,3
117,MOZ,Mozambique,151924,1941
118,MRT,Mauritania,39558,840
119,MUS,Mauritius,22090,240
120,MWI,Malawi,61981,2307
121,MYS,Malaysia,2658772,30614
122,NAM,Namibia,129796,3574
123,NGA,Niger,7080,261
124,NGA,Nigeria,214622,2980
125,NIC,Nicaragua,17254,213
126,NLD,Netherlands,2793527,20118
127,NOR,Norway,284448,1093
128,NPL,Nepal,822592,11541
129,NZL,New Zealand,12333,44
130,OMN,Oman,304603,4113
131,PAK,Pakistan,1287161,28777
132,PAN,Panama,479053,7374
133,PER,Peru,2243415,201379
134,PHL,Philippines,2834775,49386
135,PLW,Palau,8,0
136,PNG,Papua New Guinea,35538,550
137,POL,Poland,3671421,85675
138,PRI,United States,189253,3273
139,PRT,Portugal,1166787,18537
140,PRY,Paraguay,463260,16476
141,QAT,Qatar,244223,611
142,ROU,Romania,1786036,57099
143,RUS,Russia,9630296,275824
144,RWA,Rwanda,100414,1343
145,SAU,Saudi Arabia,549912,8844
146,SDN,Sudan,43489,3164
147,SEN,Senegal,74024,1886
148,SGP,Singapore,269211,759
149,SLB,Solomon Islands,20,0
150,SLE,Sierra Leone,6402,121
151,SLV,El Salvador,119803,3783
152,SMR,San Marino,6148,93
153,SOM,Somalia,23051,1331
154,SRB,Kosovo,161135,2985
155,SRB,Serbia,1263663,11917
156,SSD,South Sudan,12804,133
157,STP,Sao Tome and Principe,3733,56
158,SUR,Suriname,51009,1171
159,SVK,Slovakia,1230343,14826
160,SVN,Slovenia,430064,5303
161,SWE,Sweden,1212145,15170
162,SWZ,Eswatini,47504,1248
163,SYC,Seychelles,23599,127
164,SYR,Syria,48619,2777
165,TCD,Chad,5703,181
166,TGO,Togo,26304,243
167,THA,Thailand,2145241,20966
168,TJK,Tajikistan,17493,125
169,TLS,Timor-Leste,19828,122
170,TON,Tonga,1,0
171,TTO,Trinidad and Tobago,75134,2262
172,TUN,Tunisia,718443,25401
173,TUR,Turkey,8903087,77830
174,TZA,Tanzania,26270,730
175,UGA,Uganda,127655,3254
176,UKR,Ukraine,3668794,93734
177,URY,Uruguay,400925,6134
178,USA,United States,48868916,784894
179,UZB,Uzbekistan,194333,1418
180,VAT,Holy See,27,0
181,VCT,Saint Vincent and the Grenadines,5623,76
182,VEN,Venezuela,434918,5193
183,VIR,United States,7539,87
184,VNM,Vietnam,1309092,26260
185,VUT,Vanuatu,6,1
186,WSM,Samoa,3,0
187,YEM,Yemen,10025,1954
188,ZAF,South Africa,3031694,89966
189,ZMB,Zambia,210312,3667
190,ZWE,Zimbabwe,139046,4710
